{
     "0": {
          "trans": [
               -0.1049463078379631,
               0.05539270117878914,
               0.3134439289569855
          ],
          "score": 0.10143459588289261,
          "rotation_matrix": [
               [
                    0.1522258222103119,
                    -0.04845834895968437,
                    -0.9871571063995361
               ],
               [
                    -0.9406467080116272,
                    0.29943767189979553,
                    -0.15975266695022583
               ],
               [
                    0.3033333420753479,
                    0.9528845548629761,
                    -4.165190503613303e-08
               ]
          ]
     },
     "1": {
          "trans": [
               -0.13497747480869293,
               0.05504997447133064,
               0.33899998664855957
          ],
          "score": 0.06952838599681854,
          "rotation_matrix": [
               [
                    0.1522258222103119,
                    0.9871571063995361,
                    -0.04845830425620079
               ],
               [
                    -0.9406467080116272,
                    0.15975265204906464,
                    0.29943767189979553
               ],
               [
                    0.3033333420753479,
                    0.0,
                    0.9528845548629761
               ]
          ]
     },
     "2": {
          "trans": [
               -0.189650759100914,
               0.0700840950012207,
               0.3808176815509796
          ],
          "score": 0.06062224507331848,
          "rotation_matrix": [
               [
                    0.25990796089172363,
                    0.585830569267273,
                    -0.7676264643669128
               ],
               [
                    -0.8578481078147888,
                    0.5050492882728577,
                    0.09498333930969238
               ],
               [
                    0.44333332777023315,
                    0.6338200569152832,
                    0.6338199973106384
               ]
          ]
     },
     "3": {
          "trans": [
               -0.11334548890590668,
               0.05480685085058212,
               0.3229910135269165
          ],
          "score": 0.052901748567819595,
          "rotation_matrix": [
               [
                    0.44348129630088806,
                    -0.22768869996070862,
                    -0.8668807148933411
               ],
               [
                    -0.8962278962135315,
                    -0.1234445571899414,
                    -0.4260716736316681
               ],
               [
                    -0.010000000707805157,
                    0.9658775329589844,
                    -0.2588063180446625
               ]
          ]
     },
     "4": {
          "trans": [
               -0.16505131125450134,
               0.06532371789216995,
               0.36087048053741455
          ],
          "score": 0.0483117513358593,
          "rotation_matrix": [
               [
                    0.06589152663946152,
                    0.6758485436439514,
                    -0.734089195728302
               ],
               [
                    -0.8454338312149048,
                    0.4285775125026703,
                    0.31868958473205566
               ],
               [
                    0.5300000309944153,
                    0.5996248722076416,
                    0.5996248722076416
               ]
          ]
     },
     "5": {
          "trans": [
               -0.09459349513053894,
               0.04060659557580948,
               0.30971771478652954
          ],
          "score": 0.03822246566414833,
          "rotation_matrix": [
               [
                    -0.10877875238656998,
                    0.3386436998844147,
                    -0.9346055388450623
               ],
               [
                    -0.7796726226806641,
                    0.5541766285896301,
                    0.29154568910598755
               ],
               [
                    0.6166666746139526,
                    0.7604002952575684,
                    0.20374856889247894
               ]
          ]
     },
     "6": {
          "trans": [
               -0.13909655809402466,
               0.06000250205397606,
               0.3400544226169586
          ],
          "score": 0.03754468262195587,
          "rotation_matrix": [
               [
                    0.1522258222103119,
                    -0.9660625457763672,
                    -0.20868779718875885
               ],
               [
                    -0.9406467080116272,
                    -0.07680908590555191,
                    -0.3305816054344177
               ],
               [
                    0.3033333420753479,
                    0.24662452936172485,
                    -0.9204158186912537
               ]
          ]
     },
     "7": {
          "trans": [
               -0.14019423723220825,
               0.06524230539798737,
               0.3397735357284546
          ],
          "score": 0.03093094564974308,
          "rotation_matrix": [
               [
                    -0.051506031304597855,
                    0.7214250564575195,
                    -0.6905743479728699
               ],
               [
                    -0.9193732738494873,
                    0.23578771948814392,
                    0.31489211320877075
               ],
               [
                    0.39000001549720764,
                    0.6511144638061523,
                    0.6511144042015076
               ]
          ]
     },
     "8": {
          "trans": [
               -0.18942198157310486,
               0.07025574147701263,
               0.38101568818092346
          ],
          "score": 0.02660621888935566,
          "rotation_matrix": [
               [
                    0.25990796089172363,
                    0.8911573886871338,
                    -0.37186872959136963
               ],
               [
                    -0.8578481078147888,
                    0.3898938298225403,
                    0.3347826600074768
               ],
               [
                    0.44333332777023315,
                    0.23199421167373657,
                    0.865814208984375
               ]
          ]
     },
     "9": {
          "trans": [
               -0.08496227115392685,
               0.04025929793715477,
               0.2998707890510559
          ],
          "score": 0.02557389810681343,
          "rotation_matrix": [
               [
                    -0.10877875238656998,
                    0.9003231525421143,
                    -0.42140859365463257
               ],
               [
                    -0.7796726226806641,
                    0.18570804595947266,
                    0.5980159640312195
               ],
               [
                    0.6166666746139526,
                    0.3936121463775635,
                    0.6817561984062195
               ]
          ]
     },
     "10": {
          "trans": [
               -0.12501448392868042,
               0.05968613922595978,
               0.32927727699279785
          ],
          "score": 0.024126851931214333,
          "rotation_matrix": [
               [
                    0.44348129630088806,
                    0.4519771635532379,
                    -0.7739773988723755
               ],
               [
                    -0.8962278962135315,
                    0.2139897495508194,
                    -0.38856664299964905
               ],
               [
                    -0.010000000707805157,
                    0.865982174873352,
                    0.4999749958515167
               ]
          ]
     },
     "11": {
          "trans": [
               -0.15131226181983948,
               0.0653429627418518,
               0.34878578782081604
          ],